id,label,EC number,cluster,cluster_size,sequence
A0A443YXJ5_9GAMM,0,0,A0A443YXJ5_9GAMM,1,MSNKHSQLHDLHVTAKAAAAHAHAPYSRFKVGAAFVTDAGELITGCNVENVSYGLSNCAERTAIFTAVAQGADLSKVKQLVIYTPSAQVYSPCGACRQVMAEFFQPETEVISTCDTGQQSWTVATLLPDAFHFDIEKYRV
A0A0P0DA36_9FLAO,0,0,A0A0P0DA36_9FLAO,1,MKKIKIESTIYVYENLEALPQDVFYLVERAKEARNNAYAPYSKFKVGAALVLDNNEVVTGNNQENASYPSGLCAERTAVYYAGSQYPNAKILKMVIVAGSEVNKTDEAIPPCGACRQAIAEYEVKQELPIEIYFMGETGRILKSNSLKNLLPLLFNKSML
A0A327IYP1_9BACT,0,0,A0A327IYP1_9BACT,1,MTYEELLEKAKEVSKNAYVPYSKFPVGACLITDKGNTYTGCNFENGSLGMTICAERNTIGTAIANGERKIKAIAIYSPLRDNCTPCGACRQVLHEFCDNDEELDVIVKMGDGIQVYTLAHLLPESFTL
A0A1F9TY48_9BACT,0,0,A0A1F9TY48_9BACT,1,MSRGATRKKRISDLLRLAKAARLRAWAPYSRFRVGAALLARSGKVYTGANVENASYGLSLCAERVAFARAVSEGERKFSALAVVTGSREPATPCGACRQTLLEFGTDMRVYCANLKGDLLEDRASGLLPRRFGRGHLRKPR
A0A2M7A056_9DELT,0,0,A0A2M7A056_9DELT,1,MTKKILTKDFKKLFNVAKQVRKLAYAPYSGIKVGSALESIDGKIYTGCNIENTSFAAICSERVALYKAISDGARKFKRIVVVADLKTITSPCGVCRQALIEFSPDMEVFMCNLKGKVEVATVAELLPYIVDYA
W4QG97_9BACI,0,0,W4QG97_9BACI,1,MNKQQLIKEAMEARAYSYTPYSKFPVGAALELEDGSIVRGANIENASYGLTNCAERTALFKAVSDGKRGVKRIAIVADTDAPVSPCGACRQVMAELCHPYTTVILTNLKGDIEETTVADLLPGAFKAEDMNE
A0A2M8BG37_9DELT,0,0,A0A2M8BG37_9DELT,1,MTQAGSIRTITLDSLDPSALELVRHAQRARANAYAPYSRFRVGAAVRTASGDVYVGCNVENGSFGATVCAERNAVGAAIAAGEREITTVAVTATADEICPPCGICRQVLSEFGPEMRVLLVTESEEIAEVSLSTLLPVRFRSEIFLHKEKEG
A0A348ANZ6_9FIRM,0,0,A0A348ANZ6_9FIRM,1,MDKVVKELLEAALLARKKAYAPYSNFKVGAAVLGKNDKIYGGCNIENASFGLSNCAERTAIFKAVSEGEKEIIALAVVANTTEPVSPCGACLQVMSEFGIKRIILGNTQREWRETTIRELLPDSFTKTDLVSGGD
A0A0P7ZY39_9RHIZ,0,0,A0A0P7ZY39_9RHIZ,1,MTESDRKTPIDALFDAAGSVRERAHAPYSRFRVGAAVIDETGALHTGCNVENAAYPEGICAEAAAIAAMVASGGRRIRAIAVIGSGAAMTTPCGGCRQRIREFADADTRIHLHDPATDSRHSLSLEELLPLAFGPANLKDEIR
